Date,Open,High,Low,Close,Volume,Dividends,Stock Splits
2021-01-04,130.56,130.65,123.95,126.54,143301900,0.0,0.0
2021-01-05,126.04,128.82,125.59,128.11,97664900,0.0,0.0
2021-01-06,124.89,128.15,123.58,123.8,155088000,0.0,0.0
2021-01-07,125.52,128.72,125.03,128.02,109578200,0.0,0.0
2021-01-08,129.5,129.69,127.35,129.13,105158200,0.0,0.0
2021-01-11,126.33,127.29,125.65,126.12,100384500,0.0,0.0
2021-01-12,125.65,126.82,124.05,125.95,91951100,0.0,0.0
2021-01-13,125.91,128.54,125.64,127.99,88636800,0.0,0.0
2021-01-14,127.9,128.1,125.91,126.06,90221800,0.0,0.0
2021-01-15,125.93,127.34,124.19,124.32,111598500,0.0,0.0
2021-01-19,124.95,125.86,124.13,125.0,90757300,0.0,0.0
2021-01-20,125.81,129.56,125.7,129.11,104319500,0.0,0.0
2021-01-21,130.84,136.58,130.63,133.84,120150900,0.0,0.0
2021-01-22,133.26,136.75,132.03,135.99,114459400,0.0,0.0
2021-01-25,139.9,141.88,133.52,139.76,157611700,0.0,0.0
2021-01-26,140.42,141.1,138.24,139.99,98390600,0.0,0.0
2021-01-27,140.25,141.1,137.3,138.91,140843800,0.0,0.0
2021-01-28,136.43,138.85,133.67,134.05,142621100,0.0,0.0
2021-01-29,132.82,133.71,127.33,129.04,177523800,0.0,0.0
2021-02-01,130.79,132.38,128.03,131.17,106239800,0.0,0.0
2021-02-02,132.72,133.29,131.63,132.0,83305400,0.0,0.0
2021-02-03,132.75,132.76,130.65,130.97,89880900,0.0,0.0
2021-02-04,133.28,134.36,131.61,134.35,84183100,0.0,0.0
2021-02-05,134.51,134.58,133.05,133.93,75693800,0.2,0.0
2021-02-08,133.22,134.13,132.13,134.08,71297200,0.0,0.0
2021-02-09,133.79,135.03,133.04,133.2,76774200,0.0,0.0
2021-02-10,133.66,134.16,131.62,132.59,73046600,0.0,0.0
2021-02-11,133.09,133.57,131.0,132.34,64280000,0.0,0.0
2021-02-12,131.57,132.73,130.92,132.57,60145100,0.0,0.0
2021-02-16,132.69,133.2,130.04,130.44,80576300,0.0,0.0
2021-02-17,128.54,129.49,126.79,128.13,97918500,0.0,0.0
2021-02-18,126.53,127.31,124.77,127.03,96856700,0.0,0.0
2021-02-19,127.55,128.01,126.14,127.18,87668800,0.0,0.0
2021-02-22,125.36,127.04,123.0,123.39,103916400,0.0,0.0
2021-02-23,121.2,124.09,115.94,123.26,158273000,0.0,0.0
2021-02-24,122.36,122.96,119.7,122.76,111039900,0.0,0.0
2021-02-25,122.1,123.84,118.05,118.49,148199500,0.0,0.0
2021-02-26,120.05,122.27,118.69,118.75,164560400,0.0,0.0
2021-03-01,121.19,125.28,120.25,125.15,116307900,0.0,0.0
2021-03-02,125.75,126.06,122.42,122.53,102260900,0.0,0.0
2021-03-03,122.23,123.11,119.32,119.54,112966300,0.0,0.0
2021-03-04,119.23,121.04,116.17,117.65,178155000,0.0,0.0
2021-03-05,118.48,119.42,115.14,118.91,153766600,0.0,0.0
2021-03-08,118.43,118.5,113.81,113.95,154376600,0.0,0.0
2021-03-09,116.57,119.54,116.33,118.59,129525800,0.0,0.0
2021-03-10,119.17,119.64,116.98,117.5,111943300,0.0,0.0
2021-03-11,120.01,120.66,118.75,119.44,103026500,0.0,0.0
2021-03-12,117.91,118.66,116.7,118.53,88105100,0.0,0.0
2021-03-15,118.9,121.44,117.93,121.43,92403800,0.0,0.0
2021-03-16,123.1,124.59,122.14,122.97,115227900,0.0,0.0
2021-03-17,121.48,123.26,119.81,122.18,111932600,0.0,0.0
2021-03-18,120.34,120.63,117.83,118.04,121229700,0.0,0.0
2021-03-19,117.42,118.92,117.2,117.51,185549500,0.0,0.0
2021-03-22,117.84,121.31,117.77,120.84,111912300,0.0,0.0
2021-03-23,120.78,121.67,119.61,120.01,95467100,0.0,0.0
2021-03-24,120.28,120.36,117.59,117.61,88530500,0.0,0.0
2021-03-25,117.07,119.14,116.54,118.1,98844700,0.0,0.0
2021-03-26,117.86,118.97,116.46,118.7,94071200,0.0,0.0
2021-03-29,119.13,120.04,118.23,118.88,80819200,0.0,0.0
2021-03-30,117.63,117.91,116.4,117.42,85671900,0.0,0.0
2021-03-31,119.13,120.97,118.64,119.62,118323800,0.0,0.0
2021-04-01,121.1,121.61,119.96,120.46,75089100,0.0,0.0
2021-04-05,121.31,123.55,120.52,123.3,88651200,0.0,0.0
2021-04-06,123.88,124.5,123.05,123.6,80171300,0.0,0.0
2021-04-07,123.23,125.27,122.55,125.25,83466700,0.0,0.0
2021-04-08,126.28,127.69,125.86,127.66,88844600,0.0,0.0
2021-04-09,127.12,130.29,126.79,130.25,106686700,0.0,0.0
2021-04-12,129.78,130.1,127.93,128.53,91420000,0.0,0.0
2021-04-13,129.7,131.87,129.2,131.65,91266500,0.0,0.0
2021-04-14,132.15,132.21,128.94,129.3,87222800,0.0,0.0
2021-04-15,131.05,132.21,130.88,131.72,89347100,0.0,0.0
2021-04-16,131.52,131.88,130.52,131.39,84922400,0.0,0.0
2021-04-19,130.75,132.67,130.58,132.05,94264200,0.0,0.0
2021-04-20,132.23,132.73,129.08,130.36,94812300,0.0,0.0
2021-04-21,129.62,130.98,128.58,130.74,68847100,0.0,0.0
2021-04-22,130.29,131.38,128.69,129.21,84566500,0.0,0.0
2021-04-23,129.43,132.33,129.43,131.54,78657500,0.0,0.0
2021-04-26,132.04,132.27,130.8,131.93,66905100,0.0,0.0
2021-04-27,132.22,132.61,131.34,131.61,66015800,0.0,0.0
2021-04-28,131.53,132.23,130.33,130.82,107760100,0.0,0.0
2021-04-29,133.65,134.23,129.71,130.72,151101000,0.0,0.0
2021-04-30,129.05,130.8,128.36,128.74,109839500,0.0,0.0
2021-05-03,129.31,131.3,129.1,129.8,75135100,0.0,0.0
2021-05-04,128.48,128.77,124.08,125.21,137564700,0.0,0.0
2021-05-05,126.53,127.75,125.32,125.45,84000900,0.0,0.0
2021-05-06,125.24,127.07,124.5,127.06,78128300,0.0,0.0
2021-05-07,128.36,128.76,127.02,127.73,78973300,0.22,0.0
2021-05-10,126.95,127.08,124.4,124.44,88071200,0.0,0.0
2021-05-11,121.15,123.87,120.43,123.52,126142800,0.0,0.0
2021-05-12,121.05,122.27,119.92,120.43,112172300,0.0,0.0
2021-05-13,122.21,123.75,121.9,122.59,105861300,0.0,0.0
2021-05-14,123.85,125.46,123.46,125.03,81918000,0.0,0.0
2021-05-17,124.41,124.52,122.79,123.87,74244600,0.0,0.0
2021-05-18,124.15,124.57,122.41,122.48,63342900,0.0,0.0
2021-05-19,120.82,122.54,120.52,122.32,92612000,0.0,0.0
2021-05-20,122.85,125.29,122.72,124.89,76857100,0.0,0.0
2021-05-21,125.39,125.57,122.83,123.04,79295400,0.0,0.0
2021-05-24,123.61,125.51,123.54,124.68,63092900,0.0,0.0
2021-05-25,125.39,125.88,123.92,124.49,72009500,0.0,0.0
2021-05-26,124.55,124.97,124.02,124.44,56575900,0.0,0.0
2021-05-27,124.04,125.21,122.7,122.9,94625600,0.0,0.0
2021-05-28,123.18,123.41,122.18,122.24,71311100,0.0,0.0
2021-06-01,122.7,122.97,121.58,121.92,67637100,0.0,0.0
2021-06-02,121.92,122.86,121.69,122.68,59278900,0.0,0.0
2021-06-03,122.31,122.48,120.79,121.19,76229200,0.0,0.0
2021-06-04,121.71,123.76,121.49,123.5,75169300,0.0,0.0
2021-06-07,123.77,123.92,122.46,123.51,71057600,0.0,0.0
2021-06-08,124.19,126.02,123.81,124.33,74403800,0.0,0.0
2021-06-09,124.79,125.32,124.11,124.71,56877900,0.0,0.0
2021-06-10,124.6,125.75,123.54,123.71,71186400,0.0,0.0
2021-06-11,124.12,125.02,123.7,124.93,53522400,0.0,0.0
2021-06-14,125.39,128.06,124.65,128.0,96906500,0.0,0.0
2021-06-15,127.47,128.12,126.93,127.17,62746300,0.0,0.0
2021-06-16,127.89,128.4,126.02,127.67,91815000,0.0,0.0
2021-06-17,127.33,130.03,127.18,129.28,96721700,0.0,0.0
2021-06-18,128.22,129.01,127.76,127.98,108953300,0.0,0.0
2021-06-21,127.82,129.89,126.75,129.78,79663300,0.0,0.0
2021-06-22,129.62,131.53,129.12,131.43,74783600,0.0,0.0
2021-06-23,131.23,131.77,130.7,131.16,60214200,0.0,0.0
2021-06-24,131.89,132.08,130.4,130.87,68711000,0.0,0.0
2021-06-25,130.92,131.34,130.28,130.58,70783700,0.0,0.0
2021-06-28,130.87,132.68,130.81,132.22,62111300,0.0,0.0
2021-06-29,132.24,133.89,131.79,133.74,64556100,0.0,0.0
2021-06-30,133.58,134.8,133.29,134.35,63261400,0.0,0.0
2021-07-01,134.0,134.72,133.18,134.66,52485800,0.0,0.0
2021-07-02,135.28,137.34,135.13,137.3,78852600,0.0,0.0
2021-07-06,137.41,140.43,137.41,139.32,108181800,0.0,0.0
2021-07-07,140.81,142.13,139.95,141.82,104911600,0.0,0.0
2021-07-08,138.89,141.32,137.99,140.52,105575500,0.0,0.0
2021-07-09,140.03,142.88,139.94,142.35,99890800,0.0,0.0
2021-07-12,143.43,143.54,141.26,141.75,76299700,0.0,0.0
2021-07-13,141.29,144.66,140.9,142.87,100827100,0.0,0.0
2021-07-14,145.28,146.73,144.87,146.31,127050800,0.0,0.0
2021-07-15,146.4,147.15,144.29,145.66,106820300,0.0,0.0
2021-07-16,145.64,146.91,143.11,143.61,93251400,0.0,0.0
2021-07-19,141.02,141.33,138.98,139.74,121434600,0.0,0.0
2021-07-20,140.73,144.3,140.24,143.37,96350000,0.0,0.0
2021-07-21,142.76,143.35,141.88,142.63,74993500,0.0,0.0
2021-07-22,143.16,145.38,143.04,144.01,77338200,0.0,0.0
2021-07-23,144.74,145.89,144.13,145.73,71447400,0.0,0.0
2021-07-26,145.45,146.98,144.89,146.16,72434100,0.0,0.0
2021-07-27,146.28,146.37,142.78,143.98,104818600,0.0,0.0
2021-07-28,142.06,144.17,139.83,142.22,118931200,0.0,0.0
2021-07-29,141.94,143.76,141.83,142.87,56699500,0.0,0.0
2021-07-30,141.63,143.55,141.37,143.09,70440600,0.0,0.0
2021-08-02,143.58,144.15,142.49,142.75,62880000,0.0,0.0
2021-08-03,143.04,145.22,142.42,144.56,64786600,0.0,0.0
2021-08-04,144.47,144.98,143.5,144.15,56368300,0.0,0.0
2021-08-05,144.18,145.03,143.39,144.26,46397700,0.0,0.0
2021-08-06,143.78,144.53,143.07,143.58,54126800,0.22,0.0
2021-08-09,143.63,144.13,142.97,143.53,48908700,0.0,0.0
2021-08-10,143.87,145.12,142.75,143.04,69023100,0.0,0.0
2021-08-11,143.49,144.14,142.98,143.3,48493500,0.0,0.0
2021-08-12,143.62,146.43,143.28,146.28,72282600,0.0,0.0
2021-08-13,146.36,146.82,145.67,146.48,59375000,0.0,0.0
2021-08-16,145.93,148.54,143.9,148.47,103296000,0.0,0.0
2021-08-17,147.59,149.02,146.47,147.55,92229700,0.0,0.0
2021-08-18,147.17,148.07,143.58,143.79,86326000,0.0,0.0
2021-08-19,142.48,145.4,141.96,144.13,86960300,0.0,0.0
2021-08-20,144.85,145.89,144.2,145.59,60549600,0.0,0.0
2021-08-23,145.71,147.55,145.29,147.08,60131800,0.0,0.0
2021-08-24,146.83,148.21,146.53,146.99,48606400,0.0,0.0
2021-08-25,147.18,147.68,145.21,145.76,58991300,0.0,0.0
2021-08-26,145.75,146.5,144.92,144.95,48597200,0.0,0.0
2021-08-27,144.89,146.14,144.25,145.99,55802400,0.0,0.0
2021-08-30,146.38,150.8,146.0,150.43,90956700,0.0,0.0
2021-08-31,149.98,150.12,148.63,149.17,86453100,0.0,0.0
2021-09-01,150.15,152.26,149.67,149.83,80313700,0.0,0.0
2021-09-02,151.17,152.0,149.73,150.95,71115500,0.0,0.0
2021-09-03,151.06,151.92,150.4,151.59,57808700,0.0,0.0
2021-09-07,152.25,154.5,151.68,153.94,82278300,0.0,0.0
2021-09-08,154.22,154.28,151.28,152.39,74420200,0.0,0.0
2021-09-09,152.76,153.37,151.25,151.37,57305700,0.0,0.0
2021-09-10,152.28,152.75,146.09,146.36,140893200,0.0,0.0
2021-09-13,147.99,148.76,146.14,146.93,102404300,0.0,0.0
2021-09-14,147.71,148.42,144.33,145.52,109296300,0.0,0.0
2021-09-15,145.95,146.82,143.8,146.41,83281300,0.0,0.0
2021-09-16,145.83,146.36,144.64,146.18,68034100,0.0,0.0
2021-09-17,146.21,146.21,143.2,143.5,129868800,0.0,0.0
2021-09-20,141.28,142.3,138.79,140.43,123478900,0.0,0.0
2021-09-21,141.4,142.06,140.27,140.91,75834000,0.0,0.0
2021-09-22,141.91,143.86,141.18,143.29,76404300,0.0,0.0
2021-09-23,144.08,144.5,143.08,144.25,64838200,0.0,0.0
2021-09-24,143.1,144.88,143.01,144.34,53477900,0.0,0.0
2021-09-27,142.92,143.4,141.3,142.82,74150700,0.0,0.0
2021-09-28,140.74,142.21,139.2,139.42,108972300,0.0,0.0
2021-09-29,139.97,141.91,139.54,140.32,74602000,0.0,0.0
2021-09-30,141.14,141.85,138.8,139.02,89056700,0.0,0.0
2021-10-01,139.41,140.41,136.67,140.15,94639600,0.0,0.0
2021-10-04,139.27,139.71,135.84,136.7,98322000,0.0,0.0
2021-10-05,137.04,139.74,136.91,138.63,80861100,0.0,0.0
2021-10-06,137.02,139.66,135.94,139.51,83221100,0.0,0.0
2021-10-07,140.55,141.69,140.22,140.78,61732700,0.0,0.0
2021-10-08,141.5,141.65,140.06,140.39,58773200,0.0,0.0
2021-10-11,139.77,142.27,139.32,140.3,64452200,0.0,0.0
2021-10-12,140.72,140.74,138.56,139.03,73035900,0.0,0.0
2021-10-13,138.76,138.92,136.76,138.44,78762700,0.0,0.0
2021-10-14,139.62,141.35,139.03,141.24,69907100,0.0,0.0
2021-10-15,141.25,142.36,140.99,142.3,67940300,0.0,0.0
2021-10-18,140.93,144.26,140.65,143.98,85589200,0.0,0.0
2021-10-19,144.43,146.55,143.98,146.15,76378900,0.0,0.0
2021-10-20,146.09,147.12,145.52,146.64,58418800,0.0,0.0
2021-10-21,146.2,147.01,145.27,146.86,61421000,0.0,0.0
2021-10-22,147.06,147.54,146.03,146.08,58883400,0.0,0.0
2021-10-25,146.07,146.75,145.03,146.03,50720600,0.0,0.0
2021-10-26,146.71,148.19,146.39,146.7,60893400,0.0,0.0
2021-10-27,146.74,147.1,145.88,146.24,56094900,0.0,0.0
2021-10-28,147.19,150.48,147.09,149.89,100077900,0.0,0.0
2021-10-29,144.64,147.31,143.84,147.17,124953200,0.0,0.0
2021-11-01,146.38,147.07,145.21,146.35,74588300,0.0,0.0
2021-11-02,146.05,148.91,146.04,147.39,69122000,0.0,0.0
2021-11-03,147.75,149.3,147.19,148.83,54511500,0.0,0.0
2021-11-04,148.92,149.75,148.0,148.31,60394600,0.0,0.0
2021-11-05,149.44,149.75,147.64,148.84,65463900,0.22,0.0
2021-11-08,148.97,149.13,147.74,148.02,55020900,0.0,0.0
2021-11-09,147.78,148.99,147.64,148.38,56787900,0.0,0.0
2021-11-10,147.6,147.71,145.47,145.54,65187100,0.0,0.0
2021-11-11,146.56,147.02,145.3,145.49,41000000,0.0,0.0
2021-11-12,146.04,147.98,145.1,147.57,63804000,0.0,0.0
2021-11-15,147.95,149.43,147.02,147.58,59222800,0.0,0.0
2021-11-16,147.52,149.05,146.93,148.57,59256200,0.0,0.0
2021-11-17,148.57,152.5,148.56,151.02,88807000,0.0,0.0
2021-11-18,151.23,156.11,150.58,155.33,137827700,0.0,0.0
2021-11-19,155.11,158.42,154.01,157.96,117305600,0.0,0.0
2021-11-22,159.07,163.03,158.41,158.42,117467900,0.0,0.0
2021-11-23,158.52,159.19,156.5,158.81,96041900,0.0,0.0
2021-11-24,158.16,159.53,157.07,159.33,69463600,0.0,0.0
2021-11-26,157.0,157.86,153.84,154.28,76959800,0.0,0.0
2021-11-29,156.8,158.59,156.23,157.66,88748200,0.0,0.0
2021-11-30,157.41,162.85,157.34,162.64,174048100,0.0,0.0
2021-12-01,164.78,167.56,161.88,162.11,152052500,0.0,0.0
2021-12-02,156.18,161.55,155.26,161.12,136739200,0.0,0.0
2021-12-03,161.38,162.3,157.15,159.23,118023100,0.0,0.0
2021-12-06,161.64,165.17,161.63,162.66,107497000,0.0,0.0
2021-12-07,166.35,168.81,165.63,168.42,120405400,0.0,0.0
2021-12-08,169.36,173.12,167.95,172.26,116998900,0.0,0.0
2021-12-09,172.09,173.9,171.12,171.75,108923700,0.0,0.0
2021-12-10,172.39,176.73,171.87,176.56,115402700,0.0,0.0
2021-12-13,178.2,179.19,172.7,172.91,153237000,0.0,0.0
2021-12-14,172.43,174.88,169.43,171.52,139380400,0.0,0.0
2021-12-15,172.29,176.61,169.53,176.41,131063300,0.0,0.0
2021-12-16,176.39,178.22,168.0,169.48,150185800,0.0,0.0
2021-12-17,167.19,170.67,166.96,168.38,195432700,0.0,0.0
2021-12-20,165.57,167.83,164.76,167.01,107499100,0.0,0.0
2021-12-21,168.79,170.41,166.39,170.2,91185900,0.0,0.0
2021-12-22,170.25,173.03,169.38,172.81,92135300,0.0,0.0
2021-12-23,173.02,174.0,172.45,173.44,68356600,0.0,0.0
2021-12-27,174.24,177.51,174.22,177.42,74919600,0.0,0.0
2021-12-28,177.26,178.41,175.65,176.4,79144300,0.0,0.0
2021-12-29,176.44,177.72,175.27,176.49,62348900,0.0,0.0
2021-12-30,176.58,177.66,175.22,175.33,59773000,0.0,0.0
2021-12-31,175.22,176.34,174.4,174.71,64062300,0.0,0.0
2022-01-03,174.96,179.93,174.85,179.08,104487900,0.0,0.0
2022-01-04,179.69,179.99,176.23,176.8,99310400,0.0,0.0
2022-01-05,176.72,177.27,171.83,172.1,94537600,0.0,0.0
2022-01-06,169.92,172.47,168.87,169.23,96904000,0.0,0.0
2022-01-07,170.1,171.33,168.27,169.4,86709100,0.0,0.0
2022-01-10,166.35,169.72,165.46,169.41,106765600,0.0,0.0
2022-01-11,169.54,172.36,168.07,172.26,76138300,0.0,0.0
2022-01-12,173.28,174.32,172.0,172.7,74805200,0.0,0.0
2022-01-13,172.95,173.77,169.02,169.41,84505800,0.0,0.0
2022-01-14,168.58,170.98,168.33,170.28,80440800,0.0,0.0
2022-01-18,168.75,169.76,166.68,167.06,90956700,0.0,0.0
2022-01-19,167.26,168.32,163.27,163.55,94815000,0.0,0.0
2022-01-20,164.29,166.95,161.53,161.86,91420500,0.0,0.0
2022-01-21,161.77,163.65,159.68,159.79,122848900,0.0,0.0
2022-01-24,157.44,159.68,152.21,159.02,162294600,0.0,0.0
2022-01-25,156.42,160.14,154.49,157.2,115798400,0.0,0.0
2022-01-26,160.86,161.74,155.28,157.12,108275300,0.0,0.0
2022-01-27,159.83,161.2,155.73,156.65,121954600,0.0,0.0
2022-01-28,163.04,167.6,160.18,167.58,179935700,0.0,0.0
2022-01-31,167.42,172.18,166.78,171.96,115541600,0.0,0.0
2022-02-01,171.21,172.02,169.53,171.8,86213900,0.0,0.0
2022-02-02,171.93,173.05,170.54,173.01,84914300,0.0,0.0
2022-02-03,171.67,173.4,169.35,170.11,89418100,0.0,0.0
2022-02-04,169.13,171.51,168.14,169.83,82465400,0.22,0.0
2022-02-07,170.29,171.36,168.41,169.11,77251200,0.0,0.0
2022-02-08,169.18,172.74,168.88,172.23,74829200,0.0,0.0
2022-02-09,173.43,174.02,172.3,173.66,71285000,0.0,0.0
2022-02-10,171.55,172.87,169.0,169.56,90865900,0.0,0.0
2022-02-11,169.77,170.51,165.54,166.13,98670700,0.0,0.0
2022-02-14,164.88,167.06,164.08,166.37,86185500,0.0,0.0
2022-02-15,168.43,170.38,167.72,170.22,62527400,0.0,0.0
2022-02-16,169.3,170.76,167.52,169.99,61177400,0.0,0.0
2022-02-17,168.49,169.35,165.97,166.37,69589300,0.0,0.0
2022-02-18,167.3,168.01,163.72,164.81,82772700,0.0,0.0
2022-02-22,162.53,164.21,159.74,161.88,91162800,0.0,0.0
2022-02-23,163.08,163.68,157.38,157.69,90009200,0.0,0.0
2022-02-24,150.31,160.43,149.74,160.32,141147500,0.0,0.0
2022-02-25,161.4,162.67,158.48,162.4,91974200,0.0,0.0
2022-02-28,160.64,162.96,160.02,162.67,95056600,0.0,0.0
2022-03-01,162.25,164.12,159.56,160.77,83474400,0.0,0.0
2022-03-02,161.95,164.87,160.53,164.08,79724800,0.0,0.0
2022-03-03,165.97,166.4,163.09,163.76,76678400,0.0,0.0
2022-03-04,162.05,163.09,159.69,160.74,83737200,0.0,0.0
2022-03-07,160.93,162.57,156.68,156.93,96418800,0.0,0.0
2022-03-08,156.46,160.46,153.48,155.1,131148300,0.0,0.0
2022-03-09,159.08,160.98,157.04,160.53,91454900,0.0,0.0
2022-03-10,157.82,158.01,153.66,156.16,105342000,0.0,0.0
2022-03-11,156.57,156.91,152.2,152.43,96970100,0.0,0.0
2022-03-14,149.2,151.83,147.87,148.38,108732100,0.0,0.0
2022-03-15,148.66,153.26,148.14,152.78,92964300,0.0,0.0
2022-03-16,154.72,157.62,152.16,157.22,102300200,0.0,0.0
2022-03-17,156.25,158.61,155.29,158.23,75615400,0.0,0.0
2022-03-18,158.12,162.04,157.39,161.54,123511700,0.0,0.0
2022-03-21,161.08,163.88,160.59,162.92,95811400,0.0,0.0
2022-03-22,163.05,166.9,162.46,166.31,81532000,0.0,0.0
2022-03-23,165.49,170.07,165.16,167.68,98062700,0.0,0.0
2022-03-24,168.52,171.55,167.68,171.48,90131400,0.0,0.0
2022-03-25,171.3,172.67,170.18,172.12,80546200,0.0,0.0
2022-03-28,169.61,173.12,169.44,172.99,90371900,0.0,0.0
2022-03-29,174.06,176.35,173.72,176.3,100589400,0.0,0.0
2022-03-30,175.9,176.94,174.07,175.13,92633200,0.0,0.0
2022-03-31,175.2,175.38,171.81,172.01,103049300,0.0,0.0
2022-04-01,171.44,172.28,169.38,171.72,78751300,0.0,0.0
2022-04-04,171.98,175.84,171.85,175.79,76468400,0.0,0.0
2022-04-05,174.86,175.65,171.83,172.46,73401800,0.0,0.0
2022-04-06,169.8,171.05,167.6,169.28,89058800,0.0,0.0
2022-04-07,168.62,170.78,167.33,169.58,77594700,0.0,0.0
2022-04-08,169.23,169.23,166.69,167.56,76575500,0.0,0.0
2022-04-11,166.2,166.52,163.04,163.29,72246700,0.0,0.0
2022-04-12,165.52,167.35,164.16,165.17,79265200,0.0,0.0
2022-04-13,164.9,168.5,164.29,167.87,70618900,0.0,0.0
2022-04-14,168.08,168.72,162.59,162.83,75329400,0.0,0.0
2022-04-18,161.48,164.12,161.14,162.62,69023900,0.0,0.0
2022-04-19,162.57,165.33,161.47,164.91,67723800,0.0,0.0
2022-04-20,166.25,166.37,163.63,164.74,67929800,0.0,0.0
2022-04-21,166.4,168.98,163.44,163.95,87227800,0.0,0.0
2022-04-22,163.99,165.37,159.1,159.39,84882400,0.0,0.0
2022-04-25,158.73,160.74,156.1,160.46,96046400,0.0,0.0
2022-04-26,159.84,159.93,154.39,154.47,95623200,0.0,0.0
2022-04-27,153.59,157.41,153.07,154.24,88063200,0.0,0.0
2022-04-28,156.88,162.07,156.57,161.21,130216800,0.0,0.0
2022-04-29,159.43,163.73,154.91,155.31,131747600,0.0,0.0
2022-05-02,154.38,155.88,150.99,155.61,123055300,0.0,0.0
2022-05-03,155.8,158.32,154.0,157.11,88966500,0.0,0.0
2022-05-04,157.3,164.01,156.89,163.55,108256500,0.0,0.0
2022-05-05,161.41,161.64,152.65,154.44,130525300,0.0,0.0
2022-05-06,153.92,157.3,152.11,155.17,116124600,0.23,0.0
2022-05-09,152.85,153.74,149.46,150.02,131577900,0.0,0.0
2022-05-10,153.43,154.64,150.88,152.44,115366700,0.0,0.0
2022-05-11,151.44,153.36,143.85,144.53,142689800,0.0,0.0
2022-05-12,140.85,144.24,136.94,140.65,182602000,0.0,0.0
2022-05-13,142.65,146.11,141.19,145.14,113990900,0.0,0.0
2022-05-16,143.6,145.54,142.25,143.59,86643800,0.0,0.0
2022-05-17,146.86,147.76,144.71,147.24,78336300,0.0,0.0
2022-05-18,144.88,145.38,138.02,138.93,109742900,0.0,0.0
2022-05-19,138.0,139.76,134.77,135.51,136095600,0.0,0.0
2022-05-20,137.22,138.81,130.83,135.74,137426100,0.0,0.0
2022-05-23,135.94,141.34,135.8,141.19,117726300,0.0,0.0
2022-05-24,138.92,140.07,135.49,138.48,104132700,0.0,0.0
2022-05-25,136.57,139.89,136.48,138.63,92482700,0.0,0.0
2022-05-26,135.55,142.4,135.3,141.85,90601500,0.0,0.0
2022-05-27,143.44,147.67,143.31,147.63,90978500,0.0,0.0
2022-05-31,147.07,148.64,144.87,146.84,103718400,0.0,0.0
2022-06-01,147.89,149.7,145.7,146.71,74286600,0.0,0.0
2022-06-02,145.85,149.24,144.89,149.18,72348100,0.0,0.0
2022-06-03,144.93,145.98,142.52,143.43,88570300,0.0,0.0
2022-06-06,145.06,146.58,142.96,144.18,71598400,0.0,0.0
2022-06-07,142.41,147.0,142.17,146.71,67808200,0.0,0.0
2022-06-08,146.59,147.86,145.48,145.97,53950200,0.0,0.0
2022-06-09,145.11,145.97,140.62,140.73,69473000,0.0,0.0
2022-06-10,138.4,138.87,135.22,135.29,91437900,0.0,0.0
2022-06-13,131.09,133.39,129.68,130.11,122207100,0.0,0.0
2022-06-14,131.34,132.09,129.72,130.98,84784300,0.0,0.0
2022-06-15,132.49,135.5,130.39,133.61,91533000,0.0,0.0
2022-06-16,130.31,130.61,127.31,128.32,108123900,0.0,0.0
2022-06-17,128.33,131.29,128.07,129.8,134520300,0.0,0.0
2022-06-21,131.63,135.22,131.53,134.05,81000500,0.0,0.0
2022-06-22,132.98,135.91,132.11,133.53,73409200,0.0,0.0
2022-06-23,134.98,136.73,133.81,136.41,72433800,0.0,0.0
2022-06-24,138.02,140.01,137.89,139.76,89116800,0.0,0.0
2022-06-27,140.79,141.56,139.08,139.76,70207900,0.0,0.0
2022-06-28,140.22,141.5,135.48,135.6,67083400,0.0,0.0
2022-06-29,135.62,138.78,134.84,137.36,66242400,0.0,0.0
2022-06-30,135.41,136.51,131.98,134.89,98964500,0.0,0.0
2022-07-01,134.21,137.17,133.84,137.07,71051600,0.0,0.0
2022-07-05,135.92,139.71,135.09,139.66,73353800,0.0,0.0
2022-07-06,139.45,142.19,139.19,141.0,74064300,0.0,0.0
2022-07-07,141.37,144.58,141.36,144.39,66253700,0.0,0.0
2022-07-08,143.31,145.57,143.05,145.07,64547800,0.0,0.0
2022-07-11,143.72,144.67,141.85,142.93,63141600,0.0,0.0
2022-07-12,143.8,146.46,143.1,143.9,77588800,0.0,0.0
2022-07-13,141.07,144.49,140.21,143.54,71185600,0.0,0.0
2022-07-14,142.15,146.95,141.33,146.48,78140700,0.0,0.0
2022-07-15,147.77,148.84,146.21,148.16,76259900,0.0,0.0
2022-07-18,148.72,149.54,144.73,145.1,81420900,0.0,0.0
2022-07-19,145.94,149.2,144.94,148.97,82982400,0.0,0.0
2022-07-20,149.09,151.66,148.35,150.99,64823400,0.0,0.0
2022-07-21,152.43,153.48,149.9,153.27,65086600,0.0,0.0
2022-07-22,153.31,154.18,151.35,152.02,66675400,0.0,0.0
2022-07-25,151.94,152.96,150.24,150.9,53623900,0.0,0.0
2022-07-26,150.22,151.04,148.78,149.57,55138700,0.0,0.0
2022-07-27,150.53,155.22,150.12,154.69,78620700,0.0,0.0
2022-07-28,154.87,155.53,152.34,155.24,81378700,0.0,0.0
2022-07-29,159.08,161.43,157.36,160.33,101786900,0.0,0.0
2022-08-01,158.85,161.4,158.73,159.34,67829400,0.0,0.0
2022-08-02,157.95,160.23,157.49,157.86,59907000,0.0,0.0
2022-08-03,158.68,164.36,158.59,163.9,82507500,0.0,0.0
2022-08-04,163.78,164.95,162.22,163.59,55474100,0.0,0.0
2022-08-05,161.24,163.85,161.04,163.36,56697000,0.23,0.0
2022-08-08,164.37,165.79,162.22,162.88,60276900,0.0,0.0
2022-08-09,162.04,163.82,161.28,162.93,63135500,0.0,0.0
2022-08-10,165.66,167.3,164.89,167.2,70170500,0.0,0.0
2022-08-11,168.01,168.93,166.16,166.46,57149200,0.0,0.0
2022-08-12,167.77,170.1,167.36,170.03,68039400,0.0,0.0
2022-08-15,169.45,171.3,169.29,171.1,54091700,0.0,0.0
2022-08-16,170.7,171.62,169.59,170.95,56377100,0.0,0.0
2022-08-17,170.69,174.03,170.49,172.45,79542000,0.0,0.0
2022-08-18,171.66,172.79,171.03,172.05,62290100,0.0,0.0
2022-08-19,170.95,171.65,169.25,169.45,70346300,0.0,0.0
2022-08-22,167.65,167.81,165.13,165.55,69026800,0.0,0.0
2022-08-23,165.07,166.68,164.64,165.22,54147100,0.0,0.0
2022-08-24,165.3,166.09,164.25,165.51,53841500,0.0,0.0
2022-08-25,166.75,168.09,166.32,167.98,51218200,0.0,0.0
2022-08-26,168.52,168.99,161.59,161.65,78961000,0.0,0.0
2022-08-29,159.21,160.94,157.89,159.44,73314000,0.0,0.0
2022-08-30,160.18,160.6,155.82,157.0,77906200,0.0,0.0
2022-08-31,158.38,158.65,155.25,155.33,87991100,0.0,0.0
2022-09-01,154.75,156.51,152.81,156.06,74229900,0.0,0.0
2022-09-02,157.83,158.43,153.1,153.93,76957800,0.0,0.0
2022-09-06,154.59,155.2,151.84,152.67,73714800,0.0,0.0
2022-09-07,152.96,154.78,151.76,154.08,87449600,0.0,0.0
2022-09-08,152.78,154.48,150.84,152.6,84923800,0.0,0.0
2022-09-09,153.6,155.92,152.89,155.47,68028800,0.0,0.0
2022-09-12,157.67,162.28,157.38,161.46,104956000,0.0,0.0
2022-09-13,157.97,158.61,151.52,151.99,122656600,0.0,0.0
2022-09-14,152.93,155.21,151.76,153.44,87965400,0.0,0.0
2022-09-15,152.79,153.37,149.56,150.53,90481100,0.0,0.0
2022-09-16,149.39,149.53,146.58,148.88,162278800,0.0,0.0
2022-09-19,147.51,152.7,147.3,152.62,81474200,0.0,0.0
2022-09-20,151.55,156.18,151.24,155.01,107689800,0.0,0.0
2022-09-21,155.44,156.83,151.75,151.87,101696800,0.0,0.0
2022-09-22,150.54,152.61,149.09,150.9,86652500,0.0,0.0
2022-09-23,149.37,149.65,146.77,148.62,96029900,0.0,0.0
2022-09-26,147.86,151.92,147.84,148.95,93339400,0.0,0.0
2022-09-27,150.9,152.86,148.14,149.93,84442700,0.0,0.0
2022-09-28,145.86,148.83,143.1,148.04,146691400,0.0,0.0
2022-09-29,144.34,144.95,138.99,140.76,128138200,0.0,0.0
2022-09-30,139.58,141.38,136.34,136.54,124925300,0.0,0.0
2022-10-03,136.55,141.35,136.03,140.73,114311700,0.0,0.0
2022-10-04,143.28,144.46,142.52,144.34,87830100,0.0,0.0
2022-10-05,142.33,145.6,141.29,144.64,79471000,0.0,0.0
2022-10-06,144.05,145.76,143.47,143.68,68402200,0.0,0.0
2022-10-07,140.82,141.38,137.77,138.4,85925600,0.0,0.0
2022-10-10,138.73,140.18,136.9,138.73,74899000,0.0,0.0
2022-10-11,138.21,139.65,136.56,137.31,77033700,0.0,0.0
2022-10-12,137.45,138.67,136.5,136.67,70433700,0.0,0.0
2022-10-13,133.36,141.86,132.75,141.27,113224000,0.0,0.0
2022-10-14,142.57,142.78,136.53,136.71,88598000,0.0,0.0
2022-10-17,139.37,141.18,138.58,140.69,85250900,0.0,0.0
2022-10-18,143.74,144.93,138.92,142.02,99136600,0.0,0.0
2022-10-19,139.98,143.2,139.8,142.13,61758300,0.0,0.0
2022-10-20,141.3,144.13,140.93,141.66,64522000,0.0,0.0
2022-10-21,141.15,146.07,140.93,145.5,86548600,0.0,0.0
2022-10-24,145.42,148.42,144.24,147.65,75981900,0.0,0.0
2022-10-25,148.28,150.65,147.56,150.51,74732300,0.0,0.0
2022-10-26,149.14,150.16,146.26,147.55,88194300,0.0,0.0
2022-10-27,146.29,147.25,142.39,143.06,109180200,0.0,0.0
2022-10-28,146.41,155.6,146.04,153.86,164762400,0.0,0.0
2022-10-31,151.32,152.38,150.09,151.49,97943200,0.0,0.0
2022-11-01,153.21,153.58,147.33,148.84,80379300,0.0,0.0
2022-11-02,147.16,150.34,143.25,143.28,93604600,0.0,0.0
2022-11-03,140.35,141.08,137.08,137.21,97918500,0.0,0.0
2022-11-04,140.61,141.19,132.98,136.94,140814800,0.23,0.0
2022-11-07,135.68,137.7,134.26,137.47,83374600,0.0,0.0
2022-11-08,138.95,139.96,136.06,138.05,89908500,0.0,0.0
2022-11-09,137.06,137.11,133.19,133.47,74917800,0.0,0.0
2022-11-10,139.77,145.34,138.05,145.34,118854000,0.0,0.0
2022-11-11,144.3,148.45,142.87,148.14,93979700,0.0,0.0
2022-11-14,147.42,148.72,145.9,146.74,73374100,0.0,0.0
2022-11-15,150.64,151.99,147.01,148.48,89868300,0.0,0.0
2022-11-16,147.58,148.31,145.76,147.24,64218300,0.0,0.0
2022-11-17,144.91,149.9,144.63,149.15,80389400,0.0,0.0
2022-11-18,150.72,151.11,148.41,149.72,74829600,0.0,0.0
2022-11-21,148.6,148.81,146.18,146.47,58724100,0.0,0.0
2022-11-22,146.59,148.85,145.4,148.62,51804100,0.0,0.0
2022-11-23,147.89,150.25,147.79,149.5,58301400,0.0,0.0
2022-11-25,146.77,147.33,145.59,146.57,35195900,0.0,0.0
2022-11-28,143.63,145.11,141.89,142.72,69246000,0.0,0.0
2022-11-29,142.79,143.3,138.89,139.7,83763800,0.0,0.0
2022-11-30,139.93,147.17,139.09,146.49,111380900,0.0,0.0
2022-12-01,146.67,147.58,145.08,146.77,71250400,0.0,0.0
2022-12-02,144.44,146.46,144.13,146.27,65447400,0.0,0.0
2022-12-05,146.23,149.35,144.25,145.1,68826400,0.0,0.0
2022-12-06,145.54,145.77,140.44,141.42,64727200,0.0,0.0
2022-12-07,140.71,141.88,138.54,139.47,69721100,0.0,0.0
2022-12-08,140.88,142.03,139.63,141.17,62128300,0.0,0.0
2022-12-09,140.86,144.06,139.43,140.68,76097000,0.0,0.0
2022-12-12,141.21,143.0,139.59,142.99,70462700,0.0,0.0
2022-12-13,147.94,148.41,142.74,143.96,93886200,0.0,0.0
2022-12-14,143.84,145.13,139.69,141.72,82291200,0.0,0.0
2022-12-15,139.64,140.32,134.61,135.08,98931900,0.0,0.0
2022-12-16,135.27,136.22,132.34,133.11,160156900,0.0,0.0
2022-12-19,133.7,133.79,129.95,130.99,79592600,0.0,0.0
2022-12-20,130.02,131.86,128.54,130.92,77432800,0.0,0.0
2022-12-21,131.6,135.39,131.37,134.04,85928000,0.0,0.0
2022-12-22,132.95,133.16,128.94,130.85,77852100,0.0,0.0
2022-12-23,129.56,131.04,128.29,130.49,63814900,0.0,0.0
2022-12-27,130.01,130.04,127.38,128.68,69007800,0.0,0.0
2022-12-28,128.32,129.67,124.56,124.73,85438400,0.0,0.0
2022-12-29,126.66,129.12,126.4,128.26,75703700,0.0,0.0
2022-12-30,127.07,128.6,126.1,128.58,77034200,0.0,0.0
2023-01-03,128.92,129.54,122.88,123.77,112117500,0.0,0.0
2023-01-04,125.57,127.32,123.78,125.05,89113600,0.0,0.0
2023-01-05,125.81,126.44,123.46,123.72,80962700,0.0,0.0
2023-01-06,124.7,128.93,123.59,128.27,87754700,0.0,0.0
2023-01-09,129.11,132.02,128.54,128.8,70790800,0.0,0.0
2023-01-10,128.9,129.89,126.79,129.37,63896200,0.0,0.0
2023-01-11,129.88,132.12,129.1,132.1,69458900,0.0,0.0
2023-01-12,132.49,132.86,130.07,132.02,71379600,0.0,0.0
2023-01-13,130.66,133.52,130.29,133.36,57809700,0.0,0.0
2023-01-17,133.43,135.86,132.73,134.53,63646600,0.0,0.0
2023-01-18,135.4,137.17,133.62,133.8,69672800,0.0,0.0
2023-01-19,132.68,134.83,132.38,133.86,58280400,0.0,0.0
2023-01-20,133.87,136.58,132.82,136.44,80223600,0.0,0.0
2023-01-23,136.68,141.83,136.46,139.64,81760300,0.0,0.0
2023-01-24,138.85,141.67,138.84,141.05,66435100,0.0,0.0
2023-01-25,139.42,140.95,137.37,140.38,65799300,0.0,0.0
2023-01-26,141.68,142.75,140.42,142.46,54105100,0.0,0.0
2023-01-27,141.67,145.7,141.59,144.41,70555800,0.0,0.0
2023-01-30,143.45,144.04,141.36,141.51,64015300,0.0,0.0
2023-01-31,141.22,142.84,140.8,142.79,65874500,0.0,0.0
2023-02-01,142.47,145.08,139.85,143.92,77663600,0.0,0.0
2023-02-02,147.35,149.61,146.63,149.25,118339000,0.0,0.0
2023-02-03,146.49,155.74,146.29,152.89,154357300,0.0,0.0
2023-02-06,150.98,151.51,149.21,150.15,69858300,0.0,0.0
2023-02-07,149.07,153.61,149.07,153.04,83322600,0.0,0.0
2023-02-08,152.28,152.97,149.6,150.34,64120100,0.0,0.0
2023-02-09,152.18,152.72,148.85,149.3,56007100,0.0,0.0
2023-02-10,148.13,149.99,147.89,149.67,57450700,0.23,0.0
2023-02-13,149.61,152.89,149.58,152.48,62199000,0.0,0.0
2023-02-14,150.77,152.4,149.52,151.84,61707600,0.0,0.0
2023-02-15,151.75,154.12,151.52,153.95,65573800,0.0,0.0
2023-02-16,152.14,154.94,151.99,152.34,68167900,0.0,0.0
2023-02-17,150.99,151.64,149.51,151.19,59144100,0.0,0.0
2023-02-21,148.86,149.95,147.09,147.16,58867200,0.0,0.0
2023-02-22,147.55,148.62,145.85,147.59,51011300,0.0,0.0
2023-02-23,148.75,149.0,145.93,148.07,48394200,0.0,0.0
2023-02-24,145.8,145.88,144.42,145.4,55469600,0.0,0.0
2023-02-27,146.4,147.84,146.14,146.6,44998500,0.0,0.0
2023-02-28,145.74,147.75,145.52,146.1,50547000,0.0,0.0
2023-03-01,145.52,145.92,143.72,144.02,55479000,0.0,0.0
2023-03-02,143.1,145.4,142.62,144.61,52238100,0.0,0.0
2023-03-03,146.72,149.77,146.02,149.69,70732300,0.0,0.0
2023-03-06,152.42,154.91,152.09,152.46,87558000,0.0,0.0
2023-03-07,152.33,152.66,149.79,150.25,56182000,0.0,0.0
2023-03-08,151.45,152.1,150.48,151.51,47204800,0.0,0.0
2023-03-09,152.19,153.17,148.89,149.25,53833600,0.0,0.0
2023-03-10,148.87,149.6,146.3,147.18,68572400,0.0,0.0
2023-03-13,146.5,151.78,146.39,149.13,84457100,0.0,0.0
2023-03-14,149.93,152.04,148.76,151.23,73695900,0.0,0.0
2023-03-15,149.85,151.89,148.59,151.63,77167900,0.0,0.0
2023-03-16,150.81,155.07,150.29,154.46,76161100,0.0,0.0
2023-03-17,154.69,155.35,152.91,153.62,98944600,0.0,0.0
2023-03-20,153.69,156.42,152.78,156.0,73641400,0.0,0.0
2023-03-21,155.92,157.98,155.15,157.86,73938300,0.0,0.0
2023-03-22,157.88,160.7,156.41,156.43,75701800,0.0,0.0
2023-03-23,157.42,160.11,156.28,157.52,67622100,0.0,0.0
2023-03-24,157.45,158.91,156.45,158.82,59196500,0.0,0.0
2023-03-27,158.52,159.34,156.47,156.87,52390300,0.0,0.0
2023-03-28,156.56,157.08,154.59,156.25,45992200,0.0,0.0
2023-03-29,157.95,159.62,157.93,159.34,51305700,0.0,0.0
2023-03-30,160.09,161.02,159.84,160.92,49501700,0.0,0.0
2023-03-31,161.0,163.53,160.47,163.43,68749800,0.0,0.0
2023-04-03,162.81,164.81,162.76,164.69,56976200,0.0,0.0
2023-04-04,165.12,165.36,163.64,164.16,46278300,0.0,0.0
2023-04-05,163.27,163.58,160.36,162.3,51511700,0.0,0.0
2023-04-06,160.99,163.49,160.56,163.2,45390100,0.0,0.0
2023-04-10,159.98,160.59,158.66,160.59,47716900,0.0,0.0
2023-04-11,160.91,160.92,159.08,159.37,47644200,0.0,0.0
2023-04-12,159.79,160.62,158.36,158.68,50133100,0.0,0.0
2023-04-13,160.19,164.33,159.98,164.09,68445600,0.0,0.0
2023-04-14,163.13,164.84,162.36,163.74,49386500,0.0,0.0
2023-04-17,163.62,163.92,162.57,163.76,41516200,0.0,0.0
2023-04-18,164.62,165.92,164.18,164.99,49923000,0.0,0.0
2023-04-19,164.33,166.66,164.07,166.14,47720200,0.0,0.0
2023-04-20,164.61,166.38,164.09,165.17,52456400,0.0,0.0
2023-04-21,163.58,164.97,163.03,163.55,58337300,0.0,0.0
2023-04-24,163.53,164.13,162.43,163.86,41949600,0.0,0.0
2023-04-25,163.72,164.83,162.27,162.31,48714100,0.0,0.0
2023-04-26,161.61,163.81,161.35,162.3,45498800,0.0,0.0
2023-04-27,163.72,167.06,163.72,166.91,64902300,0.0,0.0
2023-04-28,166.99,168.34,166.39,168.17,55209200,0.0,0.0
2023-05-01,167.77,168.93,167.14,168.08,52472900,0.0,0.0
2023-05-02,168.58,168.83,166.05,167.04,48425700,0.0,0.0
2023-05-03,167.99,169.4,165.67,165.96,65136000,0.0,0.0
2023-05-04,163.42,165.55,162.85,164.32,81235400,0.0,0.0
2023-05-05,169.46,172.75,169.24,172.03,113316400,0.0,0.0
2023-05-08,170.95,172.3,170.58,171.96,55962800,0.0,0.0
2023-05-09,171.51,172.0,170.07,170.24,45326900,0.0,0.0
2023-05-10,171.48,172.48,170.37,172.02,53724500,0.0,0.0
2023-05-11,172.3,173.04,170.64,172.2,49514700,0.0,0.0
2023-05-12,172.31,172.75,169.71,171.27,45497800,0.24,0.0
2023-05-15,171.86,171.91,170.18,170.78,37266700,0.0,0.0
2023-05-16,170.7,171.84,170.51,170.78,42110300,0.0,0.0
2023-05-17,170.42,171.63,169.14,171.39,57951600,0.0,0.0
2023-05-18,171.7,173.92,171.28,173.73,65496700,0.0,0.0
2023-05-19,175.06,175.06,173.62,173.84,55772400,0.0,0.0
2023-05-22,172.67,173.4,172.14,172.89,43570900,0.0,0.0
2023-05-23,171.83,172.08,169.99,170.27,50747300,0.0,0.0
2023-05-24,169.8,171.12,169.24,170.55,45143500,0.0,0.0
2023-05-25,171.11,172.59,170.4,171.69,56058300,0.0,0.0
2023-05-26,172.02,174.45,171.81,174.11,54835000,0.0,0.0
2023-05-30,175.63,177.64,175.24,175.97,55964400,0.0,0.0
2023-05-31,176.0,178.0,175.43,175.92,99625300,0.0,0.0
2023-06-01,176.36,178.76,175.6,178.73,68901800,0.0,0.0
2023-06-02,179.67,180.41,177.91,179.59,61945900,0.0,0.0
2023-06-05,181.26,183.56,176.7,178.23,121946500,0.0,0.0
2023-06-06,178.62,178.76,176.09,177.86,64848400,0.0,0.0
2023-06-07,177.1,179.85,175.99,176.48,61944600,0.0,0.0
2023-06-08,176.56,179.48,176.12,179.21,50214900,0.0,0.0
2023-06-09,180.13,180.86,179.27,179.6,48870700,0.0,0.0
2023-06-12,179.91,182.51,179.61,182.41,54274900,0.0,0.0
2023-06-13,181.42,182.76,181.07,181.93,54929100,0.0,0.0
2023-06-14,181.99,183.0,180.65,182.57,57462900,0.0,0.0
2023-06-15,182.58,185.12,182.4,184.61,65433200,0.0,0.0
2023-06-16,185.32,185.58,182.88,183.53,101235600,0.0,0.0
2023-06-20,183.02,184.7,183.02,183.62,49799100,0.0,0.0
2023-06-21,183.51,184.01,181.22,182.58,49515700,0.0,0.0
2023-06-22,182.36,185.64,182.29,185.59,51245300,0.0,0.0
2023-06-23,184.15,186.15,183.62,185.28,53079300,0.0,0.0
2023-06-26,185.42,186.63,183.84,183.88,48088700,0.0,0.0
2023-06-27,184.49,186.97,184.27,186.64,50730800,0.0,0.0
2023-06-28,186.52,188.47,186.19,187.83,51216800,0.0,0.0
2023-06-29,187.66,188.64,187.52,188.16,46347300,0.0,0.0
2023-06-30,190.19,193.02,189.82,192.51,85069600,0.0,0.0
2023-07-03,192.32,192.42,190.32,191.01,31458200,0.0,0.0
2023-07-05,190.13,191.53,189.19,189.89,46920300,0.0,0.0
2023-07-06,188.41,190.58,187.78,190.37,45094300,0.0,0.0
2023-07-07,189.97,191.22,188.81,189.25,46778000,0.0,0.0
2023-07-10,187.84,188.56,185.63,187.19,59922200,0.0,0.0
2023-07-11,187.74,187.88,185.2,186.66,46638100,0.0,0.0
2023-07-12,188.25,190.26,187.05,188.34,60750200,0.0,0.0
2023-07-13,189.07,189.75,188.35,189.11,41342300,0.0,0.0
2023-07-14,188.8,189.74,188.2,189.26,41573900,0.0,0.0
2023-07-17,190.46,192.86,190.37,192.53,50520200,0.0,0.0
2023-07-18,191.9,192.87,190.97,192.27,48353800,0.0,0.0
2023-07-19,191.65,196.74,191.2,193.63,80507300,0.0,0.0
2023-07-20,193.62,194.99,191.05,191.68,59581200,0.0,0.0
2023-07-21,192.64,193.5,189.79,190.5,71917800,0.0,0.0
2023-07-24,191.95,193.44,190.8,191.3,45377800,0.0,0.0
2023-07-25,191.88,192.98,191.47,192.16,37283200,0.0,0.0
2023-07-26,192.21,194.17,191.87,193.04,47471900,0.0,0.0
2023-07-27,194.55,195.72,191.1,191.77,47460200,0.0,0.0
2023-07-28,193.21,195.15,192.68,194.36,48291400,0.0,0.0
2023-07-31,194.58,195.01,193.79,194.97,38824100,0.0,0.0
2023-08-01,194.76,195.25,193.81,194.14,35175100,0.0,0.0
2023-08-02,193.57,193.71,190.41,191.13,50389300,0.0,0.0
2023-08-03,190.13,190.92,189.26,189.73,61235200,0.0,0.0
2023-08-04,184.12,185.97,180.55,180.62,115799700,0.0,0.0
2023-08-07,180.76,181.75,176.02,177.5,97576100,0.0,0.0
2023-08-08,178.34,178.91,176.24,178.45,67823000,0.0,0.0
2023-08-09,179.51,179.57,175.68,176.85,60378500,0.0,0.0
2023-08-10,178.13,179.39,176.26,176.63,54686900,0.0,0.0
2023-08-11,176.22,177.52,175.46,176.69,51988100,0.24,0.0
2023-08-14,176.87,178.58,176.21,178.35,43675600,0.0,0.0
2023-08-15,177.77,178.37,175.96,176.35,43622600,0.0,0.0
2023-08-16,176.03,177.44,175.41,175.48,46964900,0.0,0.0
2023-08-17,176.04,176.41,172.41,172.92,66062900,0.0,0.0
2023-08-18,171.23,174.02,170.9,173.41,61114200,0.0,0.0
2023-08-21,173.99,175.04,172.67,174.75,46311900,0.0,0.0
2023-08-22,175.96,176.58,175.16,176.13,42084200,0.0,0.0
2023-08-23,177.42,180.43,177.23,180.0,52722800,0.0,0.0
2023-08-24,179.55,179.98,174.92,175.29,54945800,0.0,0.0
2023-08-25,176.28,178.04,174.73,177.51,51449600,0.0,0.0
2023-08-28,178.98,179.47,177.45,179.08,43820700,0.0,0.0
2023-08-29,178.59,183.76,178.39,182.98,53003900,0.0,0.0
2023-08-30,183.8,186.69,183.6,186.49,60813900,0.0,0.0
2023-08-31,186.68,187.95,186.32,186.71,60794500,0.0,0.0
2023-09-01,188.32,188.75,187.12,188.29,45732600,0.0,0.0
2023-09-05,187.12,188.81,186.45,188.53,45280000,0.0,0.0
2023-09-06,187.23,187.68,180.35,181.78,81755800,0.0,0.0
2023-09-07,174.1,177.11,172.47,176.46,112488800,0.0,0.0
2023-09-08,177.25,179.13,176.69,177.08,65551300,0.0,0.0
2023-09-11,178.96,179.18,176.24,178.25,58953100,0.0,0.0
2023-09-12,178.38,179.02,173.74,175.21,90370200,0.0,0.0
2023-09-13,175.42,176.2,172.9,173.13,84267900,0.0,0.0
2023-09-14,172.92,175.01,172.51,174.65,60895800,0.0,0.0
2023-09-15,175.39,175.41,172.75,173.93,109205100,0.0,0.0
2023-09-18,175.39,178.27,175.08,176.87,67257600,0.0,0.0
2023-09-19,176.42,178.52,176.03,177.96,51826900,0.0,0.0
2023-09-20,178.15,178.59,174.32,174.4,58436200,0.0,0.0
2023-09-21,173.47,175.21,172.78,172.85,63047900,0.0,0.0
2023-09-22,173.59,175.98,172.97,173.71,56725400,0.0,0.0
2023-09-25,173.12,175.88,173.07,174.99,46172700,0.0,0.0
2023-09-26,173.74,174.12,170.6,170.9,64588900,0.0,0.0
2023-09-27,171.55,171.97,168.0,169.38,66921800,0.0,0.0
2023-09-28,168.29,170.97,166.58,169.63,56294400,0.0,0.0
2023-09-29,170.96,172.0,169.29,170.15,51814200,0.0,0.0
2023-10-02,170.16,173.22,169.87,172.68,52164500,0.0,0.0
2023-10-03,171.19,172.56,169.76,171.33,49594600,0.0,0.0
2023-10-04,170.03,173.13,169.91,172.59,53020300,0.0,0.0
2023-10-05,172.72,174.36,171.61,173.83,48527900,0.0,0.0
2023-10-06,172.73,176.89,172.11,176.39,57224100,0.0,0.0
2023-10-09,175.72,177.94,174.71,177.88,42390800,0.0,0.0
2023-10-10,177.0,178.61,176.85,177.29,43698000,0.0,0.0
2023-10-11,177.1,178.74,176.5,178.69,47551100,0.0,0.0
2023-10-12,178.96,181.21,177.93,179.59,56743100,0.0,0.0
2023-10-13,180.3,180.8,177.04,177.74,51427100,0.0,0.0
2023-10-16,175.66,177.97,175.42,177.61,52517000,0.0,0.0
2023-10-17,175.56,177.32,173.72,176.05,57549400,0.0,0.0
2023-10-18,174.49,176.48,174.03,174.75,54764400,0.0,0.0
2023-10-19,174.95,176.74,174.11,174.37,59302900,0.0,0.0
2023-10-20,174.23,174.34,171.57,171.81,64189300,0.0,0.0
2023-10-23,169.85,172.93,168.88,171.93,55980100,0.0,0.0
2023-10-24,171.98,172.6,170.39,172.37,43816600,0.0,0.0
2023-10-25,170.82,171.99,169.59,170.04,57157000,0.0,0.0
2023-10-26,169.32,170.32,164.65,165.86,70625300,0.0,0.0
2023-10-27,165.88,167.92,165.8,167.18,58499100,0.0,0.0
2023-10-30,167.97,170.11,167.83,169.24,51131000,0.0,0.0
2023-10-31,168.3,169.84,166.86,169.71,44846000,0.0,0.0
2023-11-01,169.94,173.15,169.07,172.89,56934900,0.0,0.0
2023-11-02,174.43,176.68,174.37,176.47,77334800,0.0,0.0
2023-11-03,173.16,175.73,172.28,175.56,79763700,0.0,0.0
2023-11-06,175.29,178.32,175.12,178.12,63841300,0.0,0.0
2023-11-07,178.07,181.31,177.86,180.7,70530000,0.0,0.0
2023-11-08,181.22,182.32,180.47,181.76,49340300,0.0,0.0
2023-11-09,181.83,182.98,180.69,181.28,53763500,0.0,0.0
2023-11-10,183.07,185.66,182.64,185.49,66133400,0.24,0.0
2023-11-13,184.91,185.12,183.31,183.9,43627500,0.0,0.0
2023-11-14,186.78,187.19,185.39,186.53,60108400,0.0,0.0
2023-11-15,186.93,188.58,186.86,187.09,53790500,0.0,0.0
2023-11-16,188.65,190.03,187.73,188.79,54412900,0.0,0.0
2023-11-17,189.32,189.45,187.65,188.77,50922700,0.0,0.0
2023-11-20,188.96,190.97,188.95,190.52,46505100,0.0,0.0
2023-11-21,190.48,190.59,188.81,189.71,38134500,0.0,0.0
2023-11-22,190.56,191.99,189.9,190.38,39617700,0.0,0.0
2023-11-24,189.94,189.97,188.33,189.04,24048300,0.0,0.0
2023-11-27,188.99,189.74,187.98,188.86,40552600,0.0,0.0
2023-11-28,188.85,190.15,188.48,189.47,38415400,0.0,0.0
2023-11-29,189.97,191.15,188.05,188.45,43014200,0.0,0.0
2023-11-30,188.91,189.39,187.27,189.02,48794400,0.0,0.0
2023-12-01,189.4,190.63,188.31,190.31,45679300,0.0,0.0
2023-12-04,189.05,189.12,186.54,188.51,43389500,0.0,0.0
2023-12-05,189.28,193.45,189.25,192.48,66628400,0.0,0.0
2023-12-06,193.5,193.81,191.17,191.38,41089700,0.0,0.0
2023-12-07,192.69,194.05,192.65,193.32,47477700,0.0,0.0
2023-12-08,193.25,195.03,192.73,194.76,53377300,0.0,0.0
2023-12-11,192.17,192.55,190.49,192.24,60943700,0.0,0.0
2023-12-12,192.14,193.77,190.79,193.76,52696900,0.0,0.0
2023-12-13,194.14,197.03,193.9,196.99,70404200,0.0,0.0
2023-12-14,197.05,198.65,195.2,197.14,66831600,0.0,0.0
2023-12-15,196.57,197.43,196.04,196.61,128256700,0.0,0.0
2023-12-18,195.13,195.67,193.44,194.94,55751900,0.0,0.0
2023-12-19,195.2,195.99,194.94,195.98,40714100,0.0,0.0
2023-12-20,195.94,196.72,193.88,193.88,52242800,0.0,0.0
2023-12-21,195.14,196.12,192.56,193.73,46482500,0.0,0.0
2023-12-22,194.23,194.46,192.03,192.66,37122800,0.0,0.0
2023-12-26,192.67,192.94,191.89,192.11,28919300,0.0,0.0
2023-12-27,191.55,192.56,190.16,192.21,48087700,0.0,0.0
2023-12-28,193.19,193.71,192.23,192.64,34049900,0.0,0.0
2023-12-29,192.95,193.45,190.8,191.59,42628800,0.0,0.0
